{
  "version": 1,
  "data": {
    "value_0": 5000.0,
    "value_1": 5000.0,
    "value_2": 8000.0,
    "value_3": 10000.0,
    "value_4": 1300.0,
    "value_5": 2000.0,
    "value_6": 3700.0,
    "value_7": 0.125,
    "value_8": 18.75,
    "value_9": 30,
    "value_10": 40,
    "value_11": 50.0,
    "value_12": 50.0,
    "value_13": 95.0,
    "value_14": 350.0,
    "value_15": 60,
    "value_16": 150.0,
    "value_17": 964689920,
    "value_18": 5000.0,
    "value_19": 420.0,
    "value_20": 300.0,
    "value_21": 10.0,
    "value_22": 3500.0,
    "value_23": 50.0,
    "value_24": 20,
    "value_25": 15,
    "value_27": 18,
    "value_28": 9,
    "value_29": 12,
    "value_30": 100.0,
    "value_31": 37,
    "value_32": 100.0,
    "value_33": 50,
    "value_34": 100.0,
    "value_35": 37,
    "value_36": 5000,
    "value_37": 250,
    "value_38": 66.66999816894531,
    "value_39": 8,
    "value_40": 88,
    "value_41": 100.0,
    "value_42": 100.0,
    "value_43": 100.0,
    "value_44": 5000,
    "value_45": 250,
    "value_46": 66.66999816894531,
    "value_47": 40,
    "value_48": 88,
    "value_49": 100.0,
    "value_50": 100.0,
    "value_51": 150.0,
    "value_52": 60,
    "value_53": 25.0,
    "value_54": 100.0,
    "value_55": 180,
    "value_56": 25.0,
    "value_57": 150.0,
    "value_58": 24,
    "value_59": 640,
    "value_60": 18,
    "value_61": 25.0,
    "value_62": 100.0,
    "value_63": 16,
    "value_64": 640,
    "value_65": 36,
    "value_66": 25.0,
    "value_67": 150.0,
    "value_68": 256,
    "value_69": 80,
    "value_70": 11300,
    "value_71": 4
  }
}